<?xml version="1.0"?>
<!DOCTYPE mycat:schema SYSTEM "schema.dtd">
<mycat:schema xmlns:mycat="http://io.mycat/">

	

	<schema name="mycat_db" checkSQLschema="true" sqlMaxLimit="100">
		<!--非拆分表--> <!--垂直拆分-->
		<table name="system1_table1" dataNode="dn1" primaryKey="id"/>
		<table name="system1_table2" dataNode="dn1" primaryKey="id"/>
		<table name="system2_table1" dataNode="dn2" primaryKey="id"/>
		<table name="system2_table2" dataNode="dn2" primaryKey="id"/>
		<table name="system3_table1" dataNode="dn3" primaryKey="id"/>
		<table name="system3_table2" dataNode="dn3" primaryKey="id"/>
		
		<!--全局表-->
		<table name="system_global_table" dataNode="dn1,dn2,dn3" primaryKey="id" type="global"/>
		
		<!--拆分表-->  <!-- 水平拆分（横向拆分）-->
		<table name="test1" dataNode="dn1,dn2,dn3" primaryKey="id" rule="sharding-by-murmur" />
		
		<!--ER表-->
		
		
		
		<!-- <table name="oc_call" primaryKey="ID" dataNode="dn1$0-743" rule="latest-month-calldate"/> -->
	</schema>
	<!-- <dataNode name="dn1$0-743" dataHost="localhost1" database="db$0-743"
		/> -->
	<dataNode name="dn1" dataHost="localhost1" database="db1" />
	<dataNode name="dn2" dataHost="localhost2" database="db2" />
	<dataNode name="dn3" dataHost="localhost3" database="db3" />
	<!--<dataNode name="dn4" dataHost="sequoiadb1" database="SAMPLE" />
	 <dataNode name="jdbc_dn1" dataHost="jdbchost" database="db1" />
	<dataNode	name="jdbc_dn2" dataHost="jdbchost" database="db2" />
	<dataNode name="jdbc_dn3" 	dataHost="jdbchost" database="db3" /> -->
	<dataHost name="localhost1" maxCon="1000" minCon="10" balance="0" writeType="0" dbType="mysql" dbDriver="native" switchType="1"  slaveThreshold="100">
		<heartbeat>select user()</heartbeat>
		<!-- can have multi write hosts -->
		<writeHost host="host1" url="127.0.0.1:3306" user="root" password="123456"></writeHost>
		<!-- <writeHost host="hostM2" url="localhost:3316" user="root" password="123456"/> -->
	</dataHost>
	<dataHost name="localhost2" maxCon="1000" minCon="10" balance="0" writeType="0" dbType="mysql" dbDriver="native" switchType="1"  slaveThreshold="100">
		<heartbeat>select user()</heartbeat>
		<writeHost host="host2" url="127.0.0.1:3306" user="root" password="123456"></writeHost>
	</dataHost>
	<dataHost name="localhost3" maxCon="1000" minCon="10" balance="0" writeType="0" dbType="mysql" dbDriver="native" switchType="1"  slaveThreshold="100">
		<heartbeat>select user()</heartbeat>
		<writeHost host="host3" url="127.0.0.1:3306" user="root" password="123456"></writeHost>
	</dataHost>
	<!--
		<dataHost name="sequoiadb1" maxCon="1000" minCon="1" balance="0" dbType="sequoiadb" dbDriver="jdbc">
		<heartbeat> 		</heartbeat>
		 <writeHost host="hostM1" url="sequoiadb://1426587161.dbaas.sequoialab.net:11920/SAMPLE" user="jifeng" 	password="jifeng"></writeHost>
		 </dataHost>

	  <dataHost name="oracle1" maxCon="1000" minCon="1" balance="0" writeType="0" 	dbType="oracle" dbDriver="jdbc"> <heartbeat>select 1 from dual</heartbeat>
		<connectionInitSql>alter session set nls_date_format='yyyy-mm-dd hh24:mi:ss'</connectionInitSql>
		<writeHost host="hostM1" url="jdbc:oracle:thin:@127.0.0.1:1521:nange" user="base" 	password="123456" > </writeHost> </dataHost>

		<dataHost name="jdbchost" maxCon="1000" 	minCon="1" balance="0" writeType="0" dbType="mongodb" dbDriver="jdbc">
		<heartbeat>select 	user()</heartbeat>
		<writeHost host="hostM" url="mongodb://192.168.0.99/test" user="admin" password="123456" ></writeHost> </dataHost>

		<dataHost name="sparksql" maxCon="1000" minCon="1" balance="0" dbType="spark" dbDriver="jdbc">
		<heartbeat> </heartbeat>
		 <writeHost host="hostM1" url="jdbc:hive2://feng01:10000" user="jifeng" 	password="jifeng"></writeHost> </dataHost> -->

	<!-- <dataHost name="jdbchost" maxCon="1000" minCon="10" balance="0" dbType="mysql"
		dbDriver="jdbc"> <heartbeat>select user()</heartbeat> <writeHost host="hostM1"
		url="jdbc:mysql://localhost:3306" user="root" password="123456"> </writeHost>
		</dataHost> -->
</mycat:schema>